First Name,Last Name,Full Name,LinkedIn Link,Title,Departments,Email,Apollo Email Status,MillionVerifier Status,Subdepartments,Functions,Seniority,Headline,State,City,Country,Company Name,Cleaned Company Name,Company Website Full,Company Website Short,Company Blog Link,Company LinkedIn Link,Company Twitter Link,Company Facebook Link,Company Phone Number,Company Logo Link,Department Data,Industry,Employee Count,Keywords,Is Likely To Engage,Company type,Company Speciality
Avi,Gordon,Avi Gordon,http://www.linkedin.com/in/avi-gordon-1492b3170,Business Owner,,avi@torokitchencabinets.com,verified,good,,,,Business Owner at Toro Kitchen Cabinets,Virginia,Norfolk,United States,Toro Kitchen Cabinets,Toro Kitchen Cabinets,http://www.torokitchencabinets.com,torokitchencabinets.com,,http://www.linkedin.com/company/toro-kitchen-cabinets,,https://www.facebook.com/wix,#ERROR!,https://zenprospect-production.s3.amazonaws.com/uploads/pictures/65a9f9a73891860001af9808/picture,,furniture,2,"[""kitchen cabinets"",""design"",""remodeling""]",FALSE,Custom Kitchen Cabinetry Company,"Custom Kitchen Cabinets, Modern Kitchen Design, Kitchen Renovation"
Morgan,Uhl,Morgan Uhl,http://www.linkedin.com/in/morgan-uhl-315a1958,Small Business Owner,[],morgan@knobez.com,verified,good,[],[business_development],owner,Owner and Creator of Knobēz/ Cabinet hardware decorations,Florida,Tampa,United States,Knobēz,Knobēz,http://www.knobez.com,knobez.com,,http://www.linkedin.com/company/knobez-llc,,,,https://zenprospect-production.s3.amazonaws.com/uploads/pictures/65b33adec87f560001dcf120/picture,,furniture,1,[],TRUE,Furniture Company,Ergonomic Hardware Solutions
Tim,Hickson,Tim Hickson,http://www.linkedin.com/in/tim-hickson-928b1114,Owner,[],tim@woodmastersworkshop.com,verified,good,[],[],owner,"Owner, Woodmasters Workshop",California,Encinitas,United States,Woodmasters Workshop,Woodmasters Workshop,http://www.woodmastersworkshop.com,woodmastersworkshop.com,,http://www.linkedin.com/company/woodmasters-workshop,,http://www.facebook.com/10215522913683298,#ERROR!,https://zenprospect-production.s3.amazonaws.com/uploads/pictures/63edac0a998f12000100b12d/picture,,furniture,12,"[""arts & crafts"",""fabric stores"",""framing"",""furniture assembly"",""furniture repair"",""furniture reupholstery"",""home services"",""local services"",""shopping""]",TRUE,Furniture Restoration Service,Custom Woodworking
Brandie,Price,Brandie Price,http://www.linkedin.com/in/brandie-price-196b45a,Creative Director,[design],bprice@pdindy.com,verified,good,[all_design],[],director,"Founder & CCO Funky Junk Dumpsters, Founder & CEO Confidently Company",Indiana,Indianapolis,United States,Purposeful Design,Purposeful Design,http://www.pdindy.com,pdindy.com,,http://www.linkedin.com/company/purposeful-design,https://twitter.com/PD_Furniture,https://facebook.com/purposefuldesignindy,#ERROR!,https://zenprospect-production.s3.amazonaws.com/uploads/pictures/65ded889868305000134e6e0/picture,design,furniture,17,"[""custom furniture"",""furniture design"",""woodworking"",""office furniture""]",TRUE,Custom Furniture Design Company,Furniture Manufacturer
Reem,Mansoura,Reem Mansoura,http://www.linkedin.com/in/reem-mansoura-pmp-79508036,"Director, HR Planning and Operations","[master_human_resources,master_operations]",reem.mansoura@hdsupply.com,verified,good,"[human_resources,operations]","[operations,human_resources]",director,"Director, HR Planning and Operations at HD Supply",Georgia,Atlanta,United States,HD Supply,HD Supply,http://www.hdsupplysolutions.com,hdsupplysolutions.com,,http://www.linkedin.com/company/hd-supply,https://twitter.com/HDSupply,https://www.facebook.com/hdsupplyofficial,-8082,https://zenprospect-production.s3.amazonaws.com/uploads/pictures/65f0b01d42f2860006e2d0ad/picture,master_human_resources,wholesale,11000,"[""industrial distribution company""]",TRUE,Industrial Distribution Company,"Industrial Distribution, Facilities Maintenance, Construction & Building Materials, Government & Healthcare Infrastructure Solutions"
Simon,Woods,Simon Woods,http://www.linkedin.com/in/simon-woods-2555b691,Director,[],simon@fourwoods.co.uk,verified,good,[],[],director,Director,Missouri,Saint Louis,United States,FOUR WOODS LIMITED,FOUR WOODS,http://www.fourwoods.co.uk,fourwoods.co.uk,,http://www.linkedin.com/company/four-woods-limited,,https://www.facebook.com/Four-Woods-Ltd-303227289703172/,#ERROR!,https://zenprospect-production.s3.amazonaws.com/uploads/pictures/63edac0a998f12000100b12d/picture,,furniture,1,[],TRUE,No Information,Bespoke Joinery and Carpentry
Angel,Luna,Angel Luna,http://www.linkedin.com/in/angel-luna-64a001200,Owner,[],aluna@triumphelec.com,verified,good,[],[],owner,Owner at Triumph Electrical Supply,New York,,United States,Triumph Electrical Supply,Triumph Electrical Supply,http://www.triumphelec.com,triumphelec.com,,http://www.linkedin.com/company/triumph-electrical-supply,,,#ERROR!,https://zenprospect-production.s3.amazonaws.com/uploads/pictures/65a9b436ebbc1d00011c1e82/picture,,wholesale,3,[],FALSE,Electrical Wholesale Company,Electrical Equipment Distribution
Ihab,Ibrahim,Ihab Ibrahim,http://www.linkedin.com/in/ihab-ibrahim-89b01466,Chief Executive Officer,[c_suite],ihab@eye-tone.com,verified,good,[executive],[],c_suite,,Dubai,Dubai,United Arab Emirates,Eye Tone,Eye Tone,http://www.eye-tone.com,eye-tone.com,,http://www.linkedin.com/company/eye-tone,,,,https://zenprospect-production.s3.amazonaws.com/uploads/pictures/65e6e475297ccb0007456efd/picture,c_suite,wholesale,5,"[""fast"",""trendy"",""ultrapolarization"",""quality"",""affordable prices"",""1year warranty"",""eyewear products"",""sunglasses"",""optical frames"",""reading glasses""]",TRUE,Eyewear Wholesale Distributor,Ophthalmic Equipment Distribution
Luis,Chamorro,Luis Chamorro,http://www.linkedin.com/in/luischamorrob,Latin America Director,[],luisch@merconcoffee.com,verified,good,[],[],director,Multi-Country Operations | General Manager | Chief Operating Officer | Process Improvement | Innovation | Growth | Commodities,Florida,Miami,United States,Mercon Coffee Group,Mercon Coffee,http://www.merconcoffeegroup.com,merconcoffeegroup.com,,http://www.linkedin.com/company/mercon-coffee-corp,,https://www.facebook.com/MerconGroup,-3029,https://zenprospect-production.s3.amazonaws.com/uploads/pictures/65e980f8bc226000077b079b/picture,,wholesale,330,"[""coffee"",""green coffee"",""sustainability"",""specialty coffee""]",TRUE,Green Coffee Wholesaler,"Coffee Sourcing, Coffee Trading, Sustainability Programs, Specialty Coffee, Supply Chain Solutions"
Matt,Hill,Matt Hill,http://www.linkedin.com/in/matt-hill-76093a67,Sales Director,[master_sales],matt@incatext.co.uk,verified,good,[sales],[sales],director,Director,England,Bristol,United Kingdom,Incatext,Incatext,http://www.incatext.co.uk,incatext.co.uk,,http://www.linkedin.com/company/incatext,https://twitter.com/incatext_ltd,https://www.facebook.com/Incatext/,#ERROR!,https://zenprospect-production.s3.amazonaws.com/uploads/pictures/65a9887edb1c980001ca9e71/picture,master_sales,furniture,5,[],TRUE,No Information,Textile Manufacturing
Peter,Younie,Peter Younie,http://www.linkedin.com/in/peteryounie,CEO,[c_suite],peter.younie@cameronpeters.co.uk,verified,good,[executive],[],c_suite,"Decorative lighting expert ★ ACA ★ Entrepreneurial ★ Specialist in early-stage companies, and managing change/growth/crises.",England,Boars Hill,United Kingdom,Cameron Peters Fine Lighting,Cameron Peters Fine Lighting,http://www.cameronpeters.co.uk,cameronpeters.co.uk,,http://www.linkedin.com/company/cameron-peters-fine-lighting,,,#ERROR!,https://zenprospect-production.s3.amazonaws.com/uploads/pictures/65800be901fc3c0001fead3f/picture,c_suite,furniture,1,"[""decorative lighting consultants"",""lighting manufacturer"",""decorative lighting suppliers""]",TRUE,Decorative Lighting Manufacturer,Bespoke Lighting Design
David,Lannan,David Lannan,http://www.linkedin.com/in/david-lannan-9b47571b,Creative Director/Digital Press Operator,[design],dlannan@farismailing.net,verified,good,[all_design],[],director,Creative Director/Digital Press Operator,,,United States,Faris Mailing,Faris Mailing,http://www.farismailing.net,farismailing.net,,http://www.linkedin.com/company/faris-mailing,,,#ERROR!,https://zenprospect-production.s3.amazonaws.com/uploads/pictures/63edac0a998f12000100b12d/picture,design,wholesale,4,[],TRUE,No Information,Direct Mail Advertising Services
Lynnette,Huffstutter,Lynnette Huffstutter,http://www.linkedin.com/in/lynnette-huffstutter-859a3018,Customer Service Director,[master_operations],lhuffstutter@kssenterprises.com,verified,good,[customer_service_support],[support],director,Customer Service Director at KSS Enterprises (Cleaning Supplies and Equipment),Michigan,Kalamazoo,United States,"KSS Enterprises, Proudly Part of BradyPLUS",KSS Enterprises Proudly Part Of Bradyplus,http://www.kssenterprises.com,kssenterprises.com,,http://www.linkedin.com/company/kss-enterprises,,,#ERROR!,https://zenprospect-production.s3.amazonaws.com/uploads/pictures/65e85a813944a60007641fff/picture,master_operations,wholesale,140,"[""janitorial supplies"",""equipment sales & services"",""custodial training & support"",""profitability programs"",""packaging supplies"",""food service supplies"",""jan san products"",""cleaning supplies"",""facility supplies"",""laundry programs""]",TRUE,Janitorial Supply Distributor,Janitorial Supplies and Equipment Distribution
Kip,Miller,Kip Miller,http://www.linkedin.com/in/kip-miller-a562ab10,President - Chief Executive Officer,[c_suite],kip.miller@easternfirst.com,verified,good,[executive],[],c_suite,"President - Chief Executive Officer at Eastern Industrial Supplies, Inc.",South Carolina,Greenville,United States,"Eastern Industrial Supplies, Inc.",Eastern Industrial Supplies,http://www.easternfirst.com,easternfirst.com,,http://www.linkedin.com/company/eastern-industrial-supplies-inc.,https://twitter.com/easternfirst,https://www.facebook.com/easternfirst,-3871,https://zenprospect-production.s3.amazonaws.com/uploads/pictures/65ef87bc831c0e0007e7f5e6/picture,c_suite,wholesale,270,[],FALSE,Industrial Wholesale,"Industrial Pipe, Valves, and Fittings Distributor"
Raja,Harfouche,Raja Harfouche,http://www.linkedin.com/in/raja-harfouche-30165160,Owner & CEO,[c_suite],rami@procom-me.com,verified,good,[executive],[],owner,Professional Audio and Lighting Systems,Dubai,Dubai,United Arab Emirates,Procom Middle East,Procom Middle East,http://www.procom-me.com,procom-me.com,,http://www.linkedin.com/company/procom-me-%e2%80%93-sound-light-&-video,,https://www.facebook.com/pg/procom.me/,9.71E+10,https://zenprospect-production.s3.amazonaws.com/uploads/pictures/65e70799c94f2b000743d253/picture,c_suite,wholesale,51,"[""professional audio"",""lighting projects"",""audiovisual equipment distribution"",""audiovisual projects"",""professional sound systems"",""audio design"",""stage lighting design"",""stage lighting control & avolites"",""entertainment lighting"",""led pixel mapping & madrix"",""led screens"",""media servers"",""aluminium trusses"",""stage rigging"",""electric hoists"",""lifters"",""events power distribution"",""stage effects"",""service center for audio & lighting""]",TRUE,Audiovisual Equipment Distributor,"Professional Audio Systems, Lighting Solutions, Video Systems, Stage Equipment"
Clay,Clarkson,Clay Clarkson,http://www.linkedin.com/in/clay-clarkson-a4377173,Director of Sales & Marketing,"[master_marketing,master_sales]",clay.clarkson@eagledistributing.com,verified,good,"[marketing,sales]","[sales,marketing]",director,Director of Sales & Marketing,Tennessee,Memphis,United States,Eagle Distributing Co.,Eagle Distributing,http://www.eagledistributing.com,eagledistributing.com,,http://www.linkedin.com/company/eagle-distributing-co-,https://twitter.com/EagleBrews_Buzz,https://facebook.com/EagleDistributing,#ERROR!,https://zenprospect-production.s3.amazonaws.com/uploads/pictures/65e34bc42a2e1b0007c12c06/picture,master_marketing,wholesale,150,[],TRUE,Wholesale Distribution Company,Beverage Distribution
Edward,Barnett,Edward Barnett,http://www.linkedin.com/in/edwardbarnett,Director of Operations + Account Manager,"[master_operations,master_sales]",eddie@workflowinteriors.com,verified,good,"[operations,account_management]",[operations],director,Director of Operations + Account Manager at Workflow,Massachusetts,Boston,United States,Workflow,Workflow,http://www.workflowinteriors.com,workflowinteriors.com,,http://www.linkedin.com/company/workflowinteriors,,,#ERROR!,https://zenprospect-production.s3.amazonaws.com/uploads/pictures/65ddb45f971d5c0001804510/picture,master_operations,furniture,28,"[""office furniture"",""consulting"",""furniture consulting"",""procurement"",""workplace"",""hospitality"",""education furniture"",""project management"",""project budgeting"",""contracting custom furniture fabrication"",""furniture specification"",""design support"",""installation management""]",TRUE,Furniture Consulting and Procurement Services,Commercial Interior Design and Planning
Aaron,Schutz,Aaron Schutz,http://www.linkedin.com/in/aaron-schutz-22481215,Division Operations Director,[master_operations],aaron.schutz@core-mark.com,verified,good,[operations],[operations],director,Division Operations Director at Core-Mark International,Utah,Salt Lake City,United States,Core-Mark International,Core-mark International,http://www.core-mark.com,core-mark.com,,http://www.linkedin.com/company/core-mark-international,https://twitter.com/coremarkhq,https://facebook.com/coremarkinternational/,-535,https://zenprospect-production.s3.amazonaws.com/uploads/pictures/65ef0d80457442000743fa2a/picture,master_operations,wholesale,8500,"[""wholesale marketing & distribution""]",TRUE,Wholesale Distribution Company,"Wholesale Distribution, Convenience Retail Solutions, Supply Chain Services"
Jacob,Maston,Jacob Maston,http://www.linkedin.com/in/jmaston,Director of Government Contracts,[master_legal],jmaston@aantilia.com,verified,good,[contracts],[],director,Director of Government Contracts,Washington,Bremerton,United States,Aantilia LLC,Aantilia,http://www.aantilia.com,aantilia.com,,http://www.linkedin.com/company/aantilia-llc,,,#ERROR!,https://zenprospect-production.s3.amazonaws.com/uploads/pictures/65d5b4d8af2cf600012a9e85/picture,master_legal,wholesale,4,[],TRUE,No Information,"Cybersecurity Consulting
Risk Management
IT Strategy Consulting"
David,D'Orazio,David D'Orazio,http://www.linkedin.com/in/david-d-orazio-6296a429,P&N Distribution Director of New Business Development,"[master_operations,master_sales]",ddorazio@pndistribution.com,verified,good,"[supply_chain,business_development]",[business_development],director,Director of New Business Development,New Jersey,Magnolia,United States,P&N Distribution,P&N Distribution,,,,http://www.linkedin.com/company/pandndistribution,,,,https://zenprospect-production.s3.amazonaws.com/uploads/pictures/65a9c47d7aeea40001b876d1/picture,master_operations,wholesale,19,[],TRUE,Supply Chain Services,HVAC Wholesale Distribution
Drew,Duncan,Drew Duncan,http://www.linkedin.com/in/drew-duncan-23411226,Director of Business Development,[master_sales],drew@mckinnonharris.com,verified,good,[business_development],[business_development],director,Director of Business Development,Florida,Palm Beach Gardens,United States,"McKinnon and Harris, Inc",Mckinnon And Harris,http://www.mckinnonharris.com,mckinnonharris.com,,http://www.linkedin.com/company/mckinnon-and-harris-inc,,,#ERROR!,https://zenprospect-production.s3.amazonaws.com/uploads/pictures/65e11dcceee284000171497c/picture,master_sales,furniture,68,[],FALSE,No Information,Luxury Outdoor Furniture Manufacturing
Graham,Gustafson,Graham Gustafson,http://www.linkedin.com/in/graham-gustafson-44982ba8,Director of Operations,[master_operations],graham@puremodern.com,verified,good,[operations],[operations],director,Director of Operations at PureModern,New York,New York,United States,PureModern,Puremodern,http://www.puremodern.com,puremodern.com,,http://www.linkedin.com/company/puremodern,https://www.twitter.com/puremodern,https://www.facebook.com/puremodern,#ERROR!,https://zenprospect-production.s3.amazonaws.com/uploads/pictures/65effb7ff092680006a9b9c4/picture,master_operations,wholesale,4,"[""commercial & trade sales"",""modern & contemporary commercial & residential planters"",""commercial & residential fire pits"",""and home decor""]",FALSE,Home Decor Wholesaler,"Custom Planters
Commercial Fire Pits
Modern Outdoor Furniture"
Paul,McCroft,Paul McCroft,http://www.linkedin.com/in/paul-mccroft-615181121,Director,[],paul@intuluxlighting.co.uk,verified,good,[],[],director,Director,England,Derby,United Kingdom,McCroft Lighting Ltd t/a Intulux Lighting,Mccroft Lighting T/a Intulux Lighting,,,,http://www.linkedin.com/company/mccroft-lighting-ltd,,,1.33E+09,https://zenprospect-production.s3.amazonaws.com/uploads/pictures/6531b04f16161c00011f0ba1/picture,,wholesale,2,[],FALSE,No Information,"Lighting Solutions Provider
Commercial Lighting
LED Lighting Products"
Grant,Evridge,Grant Evridge,http://www.linkedin.com/in/grant-evridge-5a082233,Owner of Evridges inc,[],grante@bradytx.net,verified,good,[],[],owner,Owner of Evridges inc,Texas,Brady,United States,"EVRIDGE'S, INC.",Evridge's,http://www.evridges.com,evridges.com,,http://www.linkedin.com/company/evridge's-inc.,,,#ERROR!,https://zenprospect-production.s3.amazonaws.com/uploads/pictures/63edac0a998f12000100b12d/picture,,furniture,2,[],FALSE,No Information,"Home Appliances Retail
Furniture Retail
Outdoor Equipment Retail"
Alicia,Reisinger,Alicia Reisinger,http://www.linkedin.com/in/alicia-reisinger,Pure Soy Candle Company : Artistic Director / Founder,"[c_suite,design]",alicia@waxbuffalo.com,verified,good,"[founder,all_design]",[entrepreneurship],founder,Founder/Artistic Director at Wax Buffalo Candle Co.,Nebraska,Lincoln,United States,Wax Buffalo,Wax Buffalo,http://www.waxbuffalo.com,waxbuffalo.com,,http://www.linkedin.com/company/wax-buffalo,,,1.53E+10,https://zenprospect-production.s3.amazonaws.com/uploads/pictures/65e47b3409fb180007c5666d/picture,c_suite,wholesale,9,"[""wholesale"",""white label"",""custom orders"",""modern vessels"",""minimalistic"",""small batch""]",TRUE,Candle Manufacturing Company,"Soy Candle Production
Home Fragrance Goods
Artisanal Craftsmanship"
Matt,Gardner,Matt Gardner,http://www.linkedin.com/in/matt-gardner-75917749,Director,[],matt@apollo-bs.co.uk,verified,good,[],[],director,Director,England,Southampton,United Kingdom,APOLLO BUSINESS SUPPLIES LTD,APOLLO Business Supplies,http://www.apollo-bs.co.uk,apollo-bs.co.uk,,http://www.linkedin.com/company/apollo-business-supplies-ltd,,,#ERROR!,https://zenprospect-production.s3.amazonaws.com/uploads/pictures/6562df2174c21b0001e6ea29/picture,,furniture,3,[],FALSE,Office Furniture Supplier,"Office Supplies Distribution
Commercial Printing Services
Workplace Solutions Provider"
Brian,Butler,Brian Butler,http://www.linkedin.com/in/brian-butler-b273a539,co owner,[],bbutler@butler-brothers.com,verified,good,[],[],owner,co owner at butler brothers,New York,Harrison,United States,Butler Brothers,Butler Brothers,http://www.butler-brothers.com,butler-brothers.com,,http://www.linkedin.com/company/butler-brothers,https://twitter.com/Butler_Bros,https://facebook.com/thebutlerbrothers,#ERROR!,https://zenprospect-production.s3.amazonaws.com/uploads/pictures/65e65f785892b70007f28540/picture,,real estate,11,"[""architecture"",""construction"",""development"",""design""]",TRUE,Real Estate Development Company,"Construction Management, General Contracting, Design-Build Services"
Sol,Marie,Sol Marie,http://www.linkedin.com/in/sol-marie-s-2871ab5a,President/ Co-Owner,[],solmarie@thewhiteoakbridge.com,verified,good,[],[],owner,Entrepreneur,Connecticut,New Haven,United States,The White Oak Bridge,The White Oak Bridge,http://www.thewhiteoakbridge.com,thewhiteoakbridge.com,,http://www.linkedin.com/company/the-white-oak-bridge,,,,https://zenprospect-production.s3.amazonaws.com/uploads/pictures/65e86ea9a7a20900076b521d/picture,,wholesale,5,[],FALSE,Wholesale Company,"Financial Planning Services, Retirement Planning, Investment Management"
Lisa,Haley,Lisa Haley,http://www.linkedin.com/in/lisa-haley-91993b1b4,Company Director,[],lh@e-burn.com,verified,good,[],[],director,Company Director,England,Messingham,United Kingdom,E-BURN LTD,E-BURN,http://www.e-burn.com,e-burn.com,,http://www.linkedin.com/company/e-burn-ltd,,,,https://zenprospect-production.s3.amazonaws.com/uploads/pictures/65e566b2650223000760ed7e/picture,,wholesale,6,[],FALSE,No Information,Electronic Cigarettes and Vaping Products
Bernard,Mouchantef,Bernard Mouchantef,http://www.linkedin.com/in/bernard-mouchantef-79275388,Managing Director,[],bernard@genex.uk,verified,good,[],[],director,Managing Director - Genex Stones London LTD,England,London,United Kingdom,Genex Stones London LTD,Genex Stones London,http://www.genex.uk,genex.uk,,http://www.linkedin.com/company/genex-stones-london-ltd,,https://www.facebook.com/Genex-Stones-London-100727688961922/,,https://zenprospect-production.s3.amazonaws.com/uploads/pictures/65f1512fd4a3e400073db088/picture,,wholesale,2,[],TRUE,No Information,Natural Stone Supply
Devin,Martinson,Devin Martinson,http://www.linkedin.com/in/devin-martinson-a870031a3,Founder,[c_suite],devin@wcwcbd.com,verified,good,[founder],[entrepreneurship],founder,Founder,California,Long Beach,United States,Winners Circle Wellness,Winners Circle Wellness,http://www.winnerscirclewellness.com,winnerscirclewellness.com,,http://www.linkedin.com/company/winners-circle-wellness,,,,https://zenprospect-production.s3.amazonaws.com/uploads/pictures/655c58072eb504000189b384/picture,c_suite,wholesale,11,[],FALSE,No Information,"Sports Chiropractic, Physical Therapy, Sports Recovery"
Ian,Baldwin,Ian Baldwin,http://www.linkedin.com/in/ian-baldwin-ab15a160,Sales Director,[master_sales],ian@selectcomponents.co.uk,verified,good,[sales],[sales],director,Sales Director at Select Components Ltd,England,Bradford,United Kingdom,Select Components Ltd,Select Components,http://www.selectcomponents.com,selectcomponents.com,,http://www.linkedin.com/company/select-components-limited,,,#ERROR!,https://zenprospect-production.s3.amazonaws.com/uploads/pictures/65aa69fc28cc6b000199aa79/picture,master_sales,furniture,7,"[""components""]",TRUE,No Information,Electronic Component Distribution
Hanna,Nissan,Hanna Nissan,http://www.linkedin.com/in/hanna-nissan-4085b9110,Owner,[],hanna@nissanbros.com,verified,good,[],[],owner,Owner at Bethlehem New Store,California,Oceanside,United States,Bethlehem New Store,Bethlehem New Store,http://www.nissanbros.com,nissanbros.com,,http://www.linkedin.com/company/bethlehem-new-store,,https://www.facebook.com/nissanbros,,https://zenprospect-production.s3.amazonaws.com/uploads/pictures/65b4d58710a9d2000160d165/picture,,wholesale,4,[],TRUE,Wholesale Company,Automotive Retail
Willi,Galloway,Willi Galloway,http://www.linkedin.com/in/willievansgalloway,Founder,[c_suite],willi@perchfurniture.com,verified,good,[founder],[entrepreneurship],founder,Founder,Oregon,Portland,United States,Perch Furniture,Perch Furniture,http://www.perchfurniture.com,perchfurniture.com,,http://www.linkedin.com/company/perchfurniture,https://twitter.com/perchfurniture,https://facebook.com/perchfurniture,#ERROR!,https://zenprospect-production.s3.amazonaws.com/uploads/pictures/65f08db7a65eb20007c5bf6a/picture,c_suite,furniture,7,"[""design & customer service"",""furniture stores"",""home & garden"",""shopping""]",TRUE,Furniture Retailer,"Custom upholstered furniture, Sustainable practices"
Elena,Lobato,Elena Lobato,http://www.linkedin.com/in/elenalobato,Director of Logistics,[master_operations],elena@hwhome.com,verified,good,[logistics],[],director,Customer Success Manager,Colorado,Denver,United States,HW Home,HW Home,http://www.hwhome.com,hwhome.com,,http://www.linkedin.com/company/hw-homeinc,,https://facebook.com/hwhome,,https://zenprospect-production.s3.amazonaws.com/uploads/pictures/65eac20e91211200078dbc30/picture,master_operations,furniture,14,"[""interior design"",""furniture"",""home decor"",""home design"",""design consulting"",""furniture design""]",FALSE,Furniture Design & Retail Company,Luxury Home Furnishings Retailer
Giselle,Valenzano,Giselle Valenzano,http://www.linkedin.com/in/gisellevalenzano,Customer Experience Director,[master_marketing],giselle@piccalio.com,verified,good,[customer_experience],[],director,Customer Experience Director at Piccalio,Florida,Miami,United States,Piccalio,Piccalio,http://www.piccalio.com,piccalio.com,,http://www.linkedin.com/company/piccalio,,https://www.facebook.com/piccalio,#ERROR!,https://zenprospect-production.s3.amazonaws.com/uploads/pictures/65d8d1fd9263f40001e15a38/picture,master_marketing,furniture,6,"[""toys"",""childrens furniture"",""educational toys"",""furniture"",""montessori"",""pikler"",""waldorf""]",TRUE,Children's Furniture Company,"Children's Furniture Design
Custom Kids' Bedroom Furniture
Themed Kids' Furniture"
Russell,Dartnall,Russell Dartnall,http://www.linkedin.com/in/russell-dartnall-1a7830122,Marketing and IT Director,"[master_information_technology,master_marketing]",russell@brookaire.com,verified,good,"[information_technology,it_operations,marketing]","[marketing,information_technology]",director,Marketing and IT Director at Brookaire Company,New York,New York,United States,Brookaire Company,Brookaire,http://www.brookaire.com,brookaire.com,,http://www.linkedin.com/company/brookaire-company,https://twitter.com/Brookaire,https://www.facebook.com/brookaire/,#ERROR!,https://zenprospect-production.s3.amazonaws.com/uploads/pictures/65ed9c55ad0dc20007e67bb9/picture,master_information_technology,wholesale,44,"[""air filters"",""v belts"",""chemicals"",""glycol"",""special size air filters"",""all standard filters"",""belts in stock"",""jobsite deliveries"",""job tag"",""hvac"",""ac filter"",""contractors"",""merv 11"",""merv 8"",""pleated air filter""]",TRUE,HVAC Wholesale Distributor,"HVAC Equipment Distribution, Custom Air Filters Manufacturing, HVAC Parts and Supplies"
Melissa,Moore,Melissa Moore,http://www.linkedin.com/in/melissa-moore-06101097,Commercial Director,[],mmoore@dams.com,verified,good,[],[],director,Commercial Director at DAMS INTERNATIONAL,England,Liverpool,United Kingdom,Dams Furniture,Dams Furniture,http://www.dams.com,dams.com,,http://www.linkedin.com/company/dams-international,https://twitter.com/DamsFurniture,,#ERROR!,https://zenprospect-production.s3.amazonaws.com/uploads/pictures/65ee38ce9042aa0007ae30da/picture,,furniture,150,"[""office furniture & workspace design""]",FALSE,Office Furniture Manufacturer,Office Furniture Manufacturer
Craig,Russell,Craig Russell,http://www.linkedin.com/in/craig-russell-managing-director-at-kitchencraft-669a8897,Managing Director,[],craig@kitchencraft.co.za,verified,good,[],[],director,Managing Director at Kitchencraft,Gauteng,Johannesburg,South Africa,Kitchencraft,Kitchencraft,http://www.kitchencraft.co.za,kitchencraft.co.za,,http://www.linkedin.com/company/kitchencraftsa,,,#ERROR!,https://zenprospect-production.s3.amazonaws.com/uploads/pictures/65628bb374c21b0001e11f75/picture,,furniture,13,"[""library components"",""curved units"",""spray painting"",""fabrication"",""specialised cabinetry"",""bathroom vanity units"",""dressing room components"",""custom wall cladding"",""cnc machining"",""component design""]",TRUE,Custom Furniture Manufacturer,Custom Kitchen Design and Manufacturing
Jason,Kachan,Jason Kachan,http://www.linkedin.com/in/jason-kachan-64b343133,CEO/President,[c_suite],jason@sagebh.com,verified,good,[executive],[],c_suite,CEO/President at Sagebrook Home,California,Los Angeles,United States,Sagebrook Home,Sagebrook Home,http://www.sagebrookhome.com,sagebrookhome.com,,http://www.linkedin.com/company/sagebrookhome,https://twitter.com/sagebrookhome,https://www.facebook.com/SagebrookHome/,#ERROR!,https://zenprospect-production.s3.amazonaws.com/uploads/pictures/65eaeae5f5b7ab0007d17f5c/picture,c_suite,wholesale,66,"[""home decor"",""home accessories"",""wall decor"",""accent furniture"",""lighting"",""home textile"",""furniture"",""wall art""]",TRUE,Home Decor Wholesale,Home Decor Wholesale
Michael,Bloxsome,Michael Bloxsome,http://www.linkedin.com/in/michael-bloxsome-b4a09970,Technical Director,[],mbloxsome@langleydesign.co.uk,verified,good,[],[],director,Technical Director at Langley Design,England,Cricklade,United Kingdom,Langley Design Street Furniture,Langley Design Street Furniture,http://www.langleydesign.co.uk,langleydesign.co.uk,,http://www.linkedin.com/company/langley-design,https://twitter.com/LangleyDesign,https://facebook.com/pages/Langley-Design-Street-Furniture-Specialists/166664500033889,#ERROR!,https://zenprospect-production.s3.amazonaws.com/uploads/pictures/65ee3bde4ba3d100070e467e/picture,,furniture,20,"[""external furniture packages"",""street furniture solutions"",""cycle parking"",""bench & seating solutions"",""vehicle barriers & protection"",""breeam advice"",""outdoor teaching shelters"",""installation & service expertise"",""canopies"",""covered walkways"",""benches"",""cycle shelters"",""sedum roof""]",TRUE,Street Furniture Manufacturer,Street Furniture Manufacturer
Marty,Moldan,Marty Moldan,http://www.linkedin.com/in/marty-moldan-35409a29,Director of Revenue Management,[],mmoldan@gillettepepsi.com,verified,good,[],[],director,,Minnesota,Lakeville,United States,GPC Beverage,GPC Beverage,http://www.gpcbeverage.com,gpcbeverage.com,,http://www.linkedin.com/company/gpcbeverage,,https://www.facebook.com/gillettepepsi,#ERROR!,https://zenprospect-production.s3.amazonaws.com/uploads/pictures/65ef1f29464d7f000756df31/picture,,wholesale,94,"[""distribution"",""equipment repair"",""vending"",""coffee & hot beverage"",""soft drinks"",""bottled water"",""iced tea"",""energy drinks"",""bottled coffee"",""sports drinks"",""special events""]",TRUE,Beverage Distribution Company,Beverage Formulation and Development
Nichole,Choi,Nichole Choi,http://www.linkedin.com/in/nichole-choi-437327b1,Executive Sales Director,[master_sales],nchoi@designpublicgroup.com,verified,good,[sales],[sales],director,Executive Sales Director,Washington,Seattle,United States,Design Public Group,Design Public,http://www.designpublicgroup.com,designpublicgroup.com,,http://www.linkedin.com/company/design-public-group,https://twitter.com/designpublicgrp,https://facebook.com/designpublicgroup/,#ERROR!,https://zenprospect-production.s3.amazonaws.com/uploads/pictures/65ed8e93b71fee0007e663d2/picture,master_sales,furniture,40,"[""design"",""furniture"",""architecture"",""modern design"",""ancillary furniture"",""contract grade furniture""]",TRUE,Contract Furniture Supplier,Urban Planning and Design Services
Terence,Ladner,Terence Ladner,http://www.linkedin.com/in/terence-ladner-832459244,Chief Executive Officer,[c_suite],terence@hamiltons-sa.co.za,verified,good,[executive],[],c_suite,CEO Hamilton's,,,South Africa,Hamilton's Brush SA,Hamilton's Brush,http://www.hamiltonbrush.co.za,hamiltonbrush.co.za,,http://www.linkedin.com/company/hamiltonsbrushware,,https://www.facebook.com/hamiltonsbrushware,#ERROR!,https://zenprospect-production.s3.amazonaws.com/uploads/pictures/65b0ac91daf9c500019ef079/picture,c_suite,wholesale,27,[],FALSE,No Information,Paintbrush manufacturing
Coburn,F.,Coburn F.,http://www.linkedin.com/in/coburn-f-872794,Director of eBusiness,[master_information_technology],cflannery@thegranitegroup.com,verified,good,[ecommerce_development],[],director,Helping trade professionals grow their business through technology at The Granite Group as Director of eBusiness,Massachusetts,Merrimac,United States,The Granite Group,The Granite,http://www.thegranitegroup.com,thegranitegroup.com,,http://www.linkedin.com/company/the-granite-group,https://twitter.com/TheGraniteGroup,https://facebook.com/TheGraniteGroup,#ERROR!,https://zenprospect-production.s3.amazonaws.com/uploads/pictures/65eb27e085e0f90007b16f8b/picture,master_information_technology,wholesale,440,"[""plumbing"",""heating"",""pipe valves & fittings"",""wholesale"",""cooling"",""water supplies"",""propane""]",TRUE,Wholesale Distribution,"Wholesale Plumbing, Heating, Cooling, Water & Propane Supplies"
Max,Turner,Max Turner,http://www.linkedin.com/in/maxturner01,CEO,[c_suite],max.turner@strongholdglobal.com,verified,good,[executive],[],c_suite,CEO | Stronghold Global Ltd | Site Equipment & Consumable Solutions | Protecting Businesses and Workforces Worldwide,England,Swindon,United Kingdom,Stronghold Global Ltd,Stronghold Global,http://www.strongholdglobal.com,strongholdglobal.com,,http://www.linkedin.com/company/stronghold-global-ltd,,,#ERROR!,https://zenprospect-production.s3.amazonaws.com/uploads/pictures/65d8ca22f80e650001bbf45b/picture,c_suite,wholesale,23,"[""ppe"",""workwear"",""textile recycling"",""corporate clothing"",""safety innovation"",""garment decoration"",""embroidery"",""heat transfer"",""bespoke garment design"",""manufacturing"",""site supplies"",""janitorial supplies"",""clothing"",""footwear"",""signage""]",TRUE,PPE Wholesale Company,"Personal Protective Equipment (PPE) Supply
Workwear and Uniform Solutions
Health and Safety Products
Environmental Cleaning Products"
Mickey,Horn,Mickey Horn,http://www.linkedin.com/in/mickey-horn-7b2013a,Director of Construction,[master_operations],mhorn@reynco.com,verified,good,[construction],[],director,Director of Construction at The Reynolds Company,Texas,Plano,United States,The Reynolds Company,The Reynolds,http://www.reynoldsonline.com,reynoldsonline.com,,http://www.linkedin.com/company/the-reynolds-company,https://twitter.com/TheReynoldsCo,https://facebook.com/TheReynoldsCompany,-5078,https://zenprospect-production.s3.amazonaws.com/uploads/pictures/65e96b5a08b477000767fdcf/picture,master_operations,wholesale,430,"[""supplier"",""wholesale distributor of electrical products"",""industrial automation"",""switchgear"",""lighting products & solutions"",""datacom"",""engineered"",""packaged equipment"",""material management"",""authorized allenbradley distributor""]",TRUE,Electrical Wholesale Distributor,"Industrial Automation Products, Adhesive and Sealant Solutions"
Chad,McAllister,Chad McAllister,http://www.linkedin.com/in/chad-mcallister-a1392289,Director of Sales,[master_sales],chad.mcallister@remichel.com,verified,good,[sales],[sales],director,Sales Leader at R.E. Michel Company LLC,Maryland,Clear Spring,United States,"R.E. Michel Company, LLC",RE Michel,http://www.remichel.com,remichel.com,,http://www.linkedin.com/company/r-e-michel-company-inc-,,,#ERROR!,https://zenprospect-production.s3.amazonaws.com/uploads/pictures/65e7e485f3f408000724c59f/picture,master_sales,wholesale,980,"[""air conditiong & heating equipment"",""indoor air quality"",""water heating equipment"",""boilers"",""hydronic & steam systems"",""refrigeration equipment"",""air handling"",""venting products"",""motors"",""tools"",""test instruments"",""chemicals"",""ducts"",""registers"",""grilles"",""appliances"",""hardware stores"",""home & garden"",""shopping""]",TRUE,HVAC Wholesale Distributor,HVAC Equipment Distribution
Virginie,Toustain,Virginie Toustain,http://www.linkedin.com/in/virginie-de-toustain-11261310,Sales & Marketing director,"[master_marketing,master_sales]",virginiedt@biacordonblu.com,verified,good,"[marketing,sales]","[sales,marketing]",director,at BIA Cordon Bleu,New York,New York,United States,BIA Cordon Bleu,BIA Cordon Bleu,http://www.biacordonblu.com,biacordonblu.com,,http://www.linkedin.com/company/bia-cordon-bleu,,https://www.facebook.com/biacordonbleu,#ERROR!,https://zenprospect-production.s3.amazonaws.com/uploads/pictures/65e1e34dca07ed0001cf200d/picture,master_marketing,wholesale,32,"[""porcelain"",""housewares"",""bakeware"",""dinnerware"",""stoneware""]",TRUE,Wholesale Kitchenware,Ceramic Tableware and Kitchenware Manufacturer
Niki,Hessey,Niki Hessey,http://www.linkedin.com/in/niki-hessey-06567443,Owner,[],niki@verdesports.com,verified,good,[],[],owner,Managing Director at Verde Sports Limited / Team owner of Verde Sports Racing,England,Preston,United Kingdom,VERDE SPORTS LIMITED,VERDE SPORTS,,,,http://www.linkedin.com/company/verde-sports-limited,,,,https://zenprospect-production.s3.amazonaws.com/uploads/pictures/63edac0a998f12000100b12d/picture,,wholesale,3,[],FALSE,No Information,Artificial Grass Manufacturing
Bridget,Bowden,Bridget Bowden,http://www.linkedin.com/in/bridget-bowden-97405720b,Business Owner,[],bridget@hurleysrg.com,verified,good,[],[business_development],owner,"Business Owner at HURLEY'S RELIGIOUS GOODS, INC.",North Dakota,Fargo,United States,"HURLEY'S RELIGIOUS GOODS, INC.",Hurley's Religious GOODS,http://www.hurleysrg.com,hurleysrg.com,,http://www.linkedin.com/company/hurley's-religious-goods-inc.,,,#ERROR!,https://zenprospect-production.s3.amazonaws.com/uploads/pictures/63edac0a998f12000100b12d/picture,,wholesale,50,[],FALSE,Religious Goods Wholesale,Religious Goods Retail
Doug,Griffis,Doug Griffis,http://www.linkedin.com/in/doug-griffis-61792a14,Chief Executive Officer,[c_suite],dgriffis@kimballinc.com,verified,good,[executive],[],c_suite,,Utah,Salt Lake City,United States,Kimball Electronics Inc,Kimball Electronics,http://www.kimballinc.com,kimballinc.com,,http://www.linkedin.com/company/kimball-distributing,https://twitter.com/KESLC,https://www.facebook.com/KimballElectronicsInc/,766,https://zenprospect-production.s3.amazonaws.com/uploads/pictures/65df7796d714f00001d557dd/picture,c_suite,wholesale,32,[],TRUE,Wholesale Distributor,"Electronic Manufacturing Services (EMS), Automotive Electronics, Medical Device Contract Manufacturing, Public Safety Communications Systems, Industrial Equipment Manufacturing, Environmental Controls Manufacturing"
Mel,Munsterman,Mel Munsterman,http://www.linkedin.com/in/mel-munsterman,Fleet Maintenance Director,[master_operations],mmunsterman@afwonline.com,verified,good,[facilities_management],[],director,Fleet Maintenance Director,Colorado,Denver,United States,American Furniture Warehouse,American Furniture Warehouse,http://www.afw.com,afw.com,,http://www.linkedin.com/company/afwonline,,https://www.facebook.com/AFWonline,#ERROR!,https://zenprospect-production.s3.amazonaws.com/uploads/pictures/65eb0216f59f120007b98cb5/picture,master_operations,furniture,1700,"[""mattress"",""kids furniture"",""interior design"",""home furnishings"",""living room furniture"",""bedroom furniture"",""dining room furniture"",""home office furniture"",""indoor"",""outdoor furniture"",""entertainment"",""home theater furniture"",""home decor"",""furniture stores"",""home & garden"",""mattresses"",""shopping""]",TRUE,Furniture Retailer,Furniture Retailer
Ryan,Sneddon,Ryan Sneddon,http://www.linkedin.com/in/ryan-sneddon-865522111,Director,[],ryan.sneddon@bigsafety.co.uk,verified,good,[],[],director,Director at BIG Safety Ltd,England,Northampton,United Kingdom,BIG Safety Ltd,BIG Safety,http://www.bigsafety.co.uk,bigsafety.co.uk,,http://www.linkedin.com/company/bigsafetyltd,,,#ERROR!,https://zenprospect-production.s3.amazonaws.com/uploads/pictures/65dcae60fbced5000151713b/picture,,wholesale,2,"[""safety boots & workwear""]",FALSE,Safety Equipment Wholesaler,Personal Protective Equipment (PPE) Supplier
Natalie,Seago,Natalie Seago,http://www.linkedin.com/in/natalie-seago-24159748,Director of HR,[master_human_resources],natalie.seago@ddgroup.com,verified,good,[human_resources],[human_resources],director,Director of HR at DD,England,Witham,United Kingdom,DD,DD,http://www.ddgroup.com,ddgroup.com,,http://www.linkedin.com/company/ddgroupuk,,https://www.facebook.com/ddgroupuk/,#ERROR!,https://zenprospect-production.s3.amazonaws.com/uploads/pictures/65ef347e649ce90007b58945/picture,master_human_resources,wholesale,1200,"[""dental"",""orthodontics"",""dental services"",""facial aestehetics"",""handpiece repair"",""digital dentistry"",""decontamination"",""cpd training"",""dental laboratory"",""dental compliance"",""wholesale dental supply"",""dental supplier"",""practice fit out"",""dental specialists"",""dental wholesale"",""dental equipment"",""dental export"",""pharmacy"",""dental calibration"",""dentist business services""]",TRUE,Dental Services Provider,Dental Supplies Distribution
Eric,Engelson,Eric Engelson,http://www.linkedin.com/in/eric-engelson,"Director, Operations & E-Commerce",[master_operations],eric@justshadesny.com,verified,good,[operations],[operations],director,"Director, Operations & E-Commerce",New York,New York,United States,Just Shades,Just Shades,http://www.justlampshades.com,justlampshades.com,,http://www.linkedin.com/company/just-shades-inc,,https://www.facebook.com/justshadesny/,#ERROR!,https://zenprospect-production.s3.amazonaws.com/uploads/pictures/65e6eddd824b590007636030/picture,master_operations,furniture,5,[],TRUE,No Information,Custom Lampshade Retailer
Samuel,Spicer,Samuel Spicer,http://www.linkedin.com/in/samuel-spicer-417b67209,Director of Safety and Risk Management,"[master_human_resources,master_legal,master_operations]",samuel.spicer@caffeydist.com,verified,good,"[health_safety,human_resource_information_system,legal_operations,safety]",[],director,Director of Safety and Risk Management,North Carolina,Greensboro,United States,Caffey Distributing Company,Caffey Distributing,http://www.caffeydist.com,caffeydist.com,,http://www.linkedin.com/company/caffeydistributing,,https://www.facebook.com/CaffeyDist2,-2689,https://zenprospect-production.s3.amazonaws.com/uploads/pictures/65b7c4aca5d83b00019bb0f6/picture,master_human_resources,wholesale,100,"[""distribution"",""wholesale"",""sales""]",TRUE,Wholesale Distribution Company,Beverage Distribution
Rodolfo,Barros,Rodolfo Barros,http://www.linkedin.com/in/rodolfo-barros-52051962,Marketing Director,[master_marketing],rbarros@nexusparts.com,verified,good,[marketing],[marketing],director,"Marketing Director at Nexus Marketing & Distribution, Inc.",Florida,Naples,United States,"Nexus Marketing & Distribution, Inc.",Nexus Marketing & Distribution,http://www.nexusparts.com,nexusparts.com,,http://www.linkedin.com/company/nexus-marketing-&-distribution-inc-,https://twitter.com/ecommerceoffice,https://facebook.com/pages/Nexus-Parts-Supplies/176661379136202,,https://zenprospect-production.s3.amazonaws.com/uploads/pictures/657ffd3f90f2c20001fa4bd1/picture,master_marketing,wholesale,2,"[""fire security"",""container amp nautical parts"",""hvac"",""fire amp security"",""nanotechnology"",""container nautical parts""]",FALSE,Wholesale Distribution Agency,Automotive Parts Distribution
Frikkie,Stroh,Frikkie Stroh,http://www.linkedin.com/in/frikkie-stroh-82789929,Director Marketing & Exports,"[master_marketing,master_operations]",frikkies@safequip.co.za,verified,good,"[marketing,logistics]",[marketing],director,******** ********* & *******,Gauteng,Johannesburg,South Africa,Safequip (Pty) Ltd,Safequip,http://www.safequip.co.za,safequip.co.za,,http://www.linkedin.com/company/safequip-pty-ltd,https://twitter.com/SafeQuipZA,http://www.facebook.com/SafequipQualityFireSolutions,#ERROR!,https://zenprospect-production.s3.amazonaws.com/uploads/pictures/65df328e45fce00001cfd20c/picture,master_marketing,wholesale,64,"[""adaptors"",""signage"",""branch pipes"",""trolley units"",""couplings"",""valves"",""extinguishing agents foam"",""purplek"",""vehicle brackets"",""fire cabinets"",""veld fires"",""fire extinguishers"",""workshop equipment"",""fire hoses"",""reels"",""suppression systems"",""stand pipes"",""miscellaneous""]",TRUE,Fire Safety Equipment Supplier,Firefighting Equipment Manufacturer
Rosemarie,Smith,Rosemarie Smith,http://www.linkedin.com/in/rosemarie-smith-497ba510,CEO/President,[c_suite],rsmith@systemsource.com,verified,good,[executive],[],c_suite,"CEO/President at Systems Source, Inc.",California,Irvine,United States,"Systems Source, Inc.",Systems Source,http://www.systemsource.com,systemsource.com,,http://www.linkedin.com/company/systemsource,https://twitter.com/Systems_Source,https://facebook.com/SystemsSource,#ERROR!,https://zenprospect-production.s3.amazonaws.com/uploads/pictures/65ef9d5a27b7110007cd8c84/picture,c_suite,furniture,140,"[""systems furniture"",""project management"",""technology"",""cad"",""installation"",""client product services"",""ecommerce"",""sourcing product to meet deisgn"",""transition planning process"",""systems furniture redfurbishment"",""workplace strategy"",""facilities management"",""move services"",""warehousing"",""interior design""]",TRUE,Office Furniture Supplier,"Office Furniture, Space Planning & Design, Technology Solutions, Audio Visual Integration, Managed IT Services, Cloud Solutions, IT Training"
Mohammed,Patel,Mohammed Patel,http://www.linkedin.com/in/mohammed-patel-66b049276,Managing Director,[],mpatel@brass-works.co.uk,verified,good,[],[],director,Managing Director at Brass Works Ltd,England,Batley,United Kingdom,Brass Works Ltd,Brass Works,http://www.brass-works.co.uk,brass-works.co.uk,,http://www.linkedin.com/company/brassworksltd,https://twitter.com/BrassworksLtd,https://www.facebook.com/brassworksltd/,4.40E+12,https://zenprospect-production.s3.amazonaws.com/uploads/pictures/65c233cb46f65a00010a901f/picture,,wholesale,8,[],FALSE,Wholesale Company,Architectural Metalwork
Brianna,Gonzalez,Brianna Gonzalez,http://www.linkedin.com/in/brianna-gonzalez-phr-shrm-cp-103a9420,"Director, Human Resources",[master_human_resources],bgonzalez@siteone.com,verified,good,[human_resources],[human_resources],director,"Director, Human Resources - West",California,Los Angeles,United States,SiteOne Landscape Supply,Siteone Landscape Supply,http://www.siteone.com,siteone.com,,http://www.linkedin.com/company/siteone-landscape-supply,https://twitter.com/SiteOneSupply,https://www.facebook.com/SiteOneLandscape/,#ERROR!,https://zenprospect-production.s3.amazonaws.com/uploads/pictures/65efffeea85f3800076a1cf6/picture,master_human_resources,wholesale,5300,"[""irrigation"",""outdoor lighting"",""nursery"",""turf protection & maintenance"",""hardscapes"",""landscape supplies"",""pest control"",""tools"",""drainage"",""agronomics""]",TRUE,Landscape Supply Wholesale,Landscape Supplies Distribution
Melanie,Wardle,Melanie Wardle,http://www.linkedin.com/in/melanie-wardle-832aab1a2,Director Relations Representative on behalf of the CEO,[c_suite],melanie.wardle@hammonds-uk.com,verified,good,[executive],[],c_suite,Director Relations Representative on behalf of the CEO,England,Leicester,United Kingdom,Hammonds Furniture,Hammonds Furniture,http://www.hammonds-uk.com,hammonds-uk.com,,http://www.linkedin.com/company/hammonds-furniture-ltd,https://twitter.com/hammondsnews,https://facebook.com/HammondsUK,#ERROR!,https://zenprospect-production.s3.amazonaws.com/uploads/pictures/65ed663fa2c8d300078c688d/picture,c_suite,furniture,460,"[""fitted bedroom furniture"",""sliding wardrobes"",""fitted furniture"",""home office"",""media centers"",""tailored storage"",""dressing rooms"",""understairs"",""walk in wardrobes"",""interior design"",""work from home"",""fitted lounge furniture"",""inordertolivebetter"",""hammonds furniture"",""storage solutions"",""boot rooms"",""bedrooms"",""wardrobes"",""uk made"",""high quality""]",FALSE,Furniture Manufacturer,Bespoke fitted furniture manufacturer
Katelyn,Clark,Katelyn Clark,http://www.linkedin.com/in/kclark15,Event Director,[master_marketing],kclark@haydenbeverage.com,verified,good,"[event_marketing,field_marketing]",[],director,Sales Representative,California,Fremont,United States,Hayden Beverage Company,Hayden Beverage,http://www.haydenbeverage.com,haydenbeverage.com,,http://www.linkedin.com/company/hayden-beverage,https://twitter.com/HaydenBeverage,https://www.facebook.com/HaydenBeverageCompany,#ERROR!,https://zenprospect-production.s3.amazonaws.com/uploads/pictures/65e570360a302e0007b3c9b1/picture,master_marketing,wholesale,220,"[""beer distributor"",""wine distributor"",""red bull distributor""]",TRUE,Beverage Distribution Company,Beverage Distribution
Tim,Geier,Tim Geier,http://www.linkedin.com/in/timgeier,Director of Project Management,"[master_engineering_technical,master_information_technology]",tgeier@forwardspace.com,verified,good,"[project_management,project_program_management]",[],director,Director of Project Management,Wisconsin,Milwaukee,United States,"Forward Space, LLC",Forward Space,http://www.forwardspace.com,forwardspace.com,,http://www.linkedin.com/company/forward-space-llc,https://twitter.com/forward_space,https://www.facebook.com/935544459848040,#ERROR!,https://zenprospect-production.s3.amazonaws.com/uploads/pictures/65ec83a3a65b030007c1cd08/picture,master_engineering_technical,furniture,120,"[""furniture"",""floor covering"",""architectural products"",""audio"",""visual"",""healthcare solutions"",""education solutions"",""technology integration"",""walls"",""ebusiness"",""storage"",""workplace planning"",""project mgmt"",""move mgmt"",""asset mgmt"",""wbe"",""steelcase"",""coalesse"",""details"",""turnstone"",""polyvision""]",TRUE,Workspace Solutions Provider,Office Furniture and Workspace Solutions Provider
Brian,Hawver,Brian Hawver,http://www.linkedin.com/in/brian-hawver-2230417,Director of Sales,[master_sales],bhawver@burtonandburton.com,verified,good,[sales],[sales],director,Director of Sales,Georgia,Athens,United States,burton + BURTON,Burton + BURTON,http://www.burtonandburton.com,burtonandburton.com,,http://www.linkedin.com/company/burton-burton,https://twitter.com/burton_BURTON,https://www.facebook.com/pages/Bogart-GA/burton-BURTON/125713930887,#ERROR!,https://zenprospect-production.s3.amazonaws.com/uploads/pictures/65eeaa90f44cc300079e5389/picture,master_sales,wholesale,140,"[""balloons"",""plush"",""gifts"",""vases"",""baskets"",""planters"",""floral supplies"",""ribbon"",""balloon equipment"",""party decor"",""seasonal items"",""home decor"",""everyday items"",""custom items"",""educational resources"",""latex balloons"",""foil balloons"",""balloon giftables"",""merchandising equipment""]",TRUE,Wholesale Distributor,Wholesale Giftware Distributor
Ben,Fletcher,Ben Fletcher,http://www.linkedin.com/in/ben-fletcher-4753aa94,Founder and Director,[c_suite],b@spacedin.co.uk,verified,good,[founder],[entrepreneurship],founder,Building beautifully bespoke furniture | Launching a sustainable range of luxury flatpack furniture,England,Mitcham,United Kingdom,SpacedIn Limited,Spacedin,http://www.spacedin.co.uk,spacedin.co.uk,,http://www.linkedin.com/company/spacedinuk,,https://facebook.com/SpacedInLtd,-2.10E+09,https://zenprospect-production.s3.amazonaws.com/uploads/pictures/65e9c93c3acfc70007502857/picture,c_suite,furniture,1,[],FALSE,No Information,"Workspace Design, Office Refurbishment, Office Furniture, Space Planning, Fit-Outs"
Mike,Formo,Mike Formo,http://www.linkedin.com/in/mike-formo-29b15b3,Managing Director,[],mformo@southernchem.co.za,verified,good,[],[],director,Managing Director at Southern Chemicals (Pty) Ltd,Gauteng,Johannesburg,South Africa,Southern Chemicals (Pty) Ltd,Southern Chemicals,,,,http://www.linkedin.com/company/southern-chemicals-pty-ltd,,,,https://zenprospect-production.s3.amazonaws.com/uploads/pictures/65afdde0970317000197e1b0/picture,,wholesale,1,[],FALSE,No Information,Chemical Manufacturing